title,grant_id,source_url,source_domain,discovery_tier,agency,funding_amount_min,funding_amount_max,match_requirement,open_date,close_date,status,level,domain_tags,eligible_entities,summary,confidence_score,scraped_date,notes
DOTD Port Construction & Development Priority Program,R.S. 34:3451,https://dotd.la.gov/about/office-of-multimodal-commerce/ports-and-waterways/ports/port-priority-program/,dotd.la.gov,seed_verified,Louisiana DOTD,,15000000,10%,,6/1/26,open,state,"port_maritime, infrastructure, transportation, rail, freight_logistics",Public port authorities,~$39.4M/yr statewide.,0.9,4/6/26,"Up to 90% of construction cost. Max $5M/yr per project ($15M total). Covers wharves, cargo equipment, rail, roads, buildings."
Louisiana Capital Outlay Program,,https://www.doa.la.gov/doa/fpc/capital-outlay/,www.doa.la.gov,seed_verified,Louisiana DOA / Legislature,100000,,,,,open,state,"port_maritime, infrastructure, transportation, economic_development, water_sewer, public_safety, education, health_facilities","Public port authorities, state agencies",State GO bond funding.,0.9,4/6/26,"Port must submit request through state senator/rep. Priority 1 projects most likely funded. FY2025 included $2B for highways, ports, airports."
RESTORE Act — Direct Component (Pot 1),,https://home.treasury.gov/policy-issues/financial-markets-financial-institutions-and-fiscal-service/restore-act/direct-component,home.treasury.gov,seed_verified,U.S. Treasury / Parish Governments,,,,,10/31/26,open,regional,"port_maritime, climate_resilience, infrastructure, environmental, flood_resilience, coastal_resilience, economic_development, transportation",Eligible coastal parishes (work through parish gov't),LA receives ~$260.4M total.,0.9,4/6/26,Port infrastructure is explicitly eligible use. Port must get projects into parish multiyear implementation plan.
LED Economic Development Award Program (EDAP),,https://www.opportunitylouisiana.gov/incentives,www.opportunitylouisiana.gov,seed_verified,Louisiana Economic Development,1000,3500,,,,open,state,economic_development,"Units of local government, port authorities",Infrastructure grants via cooperative endeavor agreements.,0.9,4/6/26,LED has helped ports secure multi-million-dollar packages. Negotiated case-by-case.
LED FastStart,,https://www.opportunitylouisiana.gov/incentive/led-faststart,www.opportunitylouisiana.gov,seed_verified,Louisiana Economic Development,,,,,,open,state,economic_development,Companies with 15+ new mfg jobs or 50+ service jobs,"Free customized recruitment, screening, and training development.",0.9,4/6/26,Ranked #1 state workforce program nationally 13+ consecutive years.
LCDBG Economic Development Program,,https://www.doa.la.gov/doa/ocd-lga/cdbg-and-cdbg-cv/lcdbg-programs/economic-development/,www.doa.la.gov,seed_verified,Louisiana OCD (state-admin CDBG),,1100000,50%,,,open,federal_passthrough,"economic_development, infrastructure, water_sewer, transportation",Units of local government,"Up to $1.1M for publicly owned infrastructure (sewer, water, road access).",0.9,4/6/26,Requires 1:1 match and 10 jobs created (51% LMI).
Delta Regional Authority — SEDAP,,https://dra.gov/programs/,dra.gov,seed_verified,Delta Regional Authority,50000,300000,,,,open,regional,"economic_development, infrastructure",State/local governments in 46 LA parishes,Has explicitly funded port infrastructure.,0.9,4/6/26,"Recent: $1M for Central LA Regional Port, $788K for Lake Providence Port RR improvements."
FEMA BRIC (Building Resilient Infrastructure & Communities),,https://gohsepgrants.la.gov/,gohsepgrants.la.gov,seed_verified,FEMA / GOHSEP,,,25%,,7/23/26,open,federal_passthrough,"flood_resilience, climate_resilience, infrastructure",Sub-applicants through GOHSEP (state/local gov't),"‚ö†Ô∏è DEADLINE: Jul 23, 2026.",0.9,4/6/26,"$1B available nationally after reinstatement. 120-day window. Port infrastructure hardening, utility resilience, flood protection eligible."
FEMA Hazard Mitigation Grant Program (HMGP),,https://gohsep.la.gov/divisions/hazard-mitigation-assistance/hmgp/,gohsep.la.gov,seed_verified,FEMA / GOHSEP,,,25%,,,forecasted,federal_passthrough,"flood_resilience, climate_resilience",Sub-applicants through GOHSEP,"Elevation, drainage, wind retrofit, emergency power for critical facilities.",0.9,4/6/26,"LA has received significant HMGP from hurricanes Laura, Ida, etc."
LDEQ DERA State Grants,,https://www.deq.louisiana.gov/page/dera-funding-opportunities,www.deq.louisiana.gov,seed_verified,Louisiana DEQ,,,,,,open,federal_passthrough,"environmental, clean_energy, transportation, port_maritime, freight_logistics","Port authorities, fleet operators, rail, marine",Ports explicitly prioritized.,0.9,4/6/26,"Eligible: cargo handling equipment, drayage trucks, marine engines, locomotives. Retrofit, replacement, idle reduction."
Entergy Solutions — C&I Incentives,,https://www.entergy-louisiana.com/energy-efficiency-program/ci/,www.entergy-louisiana.com,seed_verified,Entergy Louisiana,,,,,,open,private,clean_energy,Commercial/industrial facilities in Entergy service territory,Cash incentives $0.09—$0.16/kWh saved.,0.9,4/6/26,Custom incentives for complex projects. Not a grant but offsets electrification investment significantly.
Incumbent Worker Training Program (IWTP),,https://www.laworks.net/workforcedev/iwtp/iwtp_mainmenu.asp,www.laworks.net,seed_verified,Louisiana Workforce Commission,,3000,,,,open,state,economic_development,"Employers with 15+ employees, in LA 3+ years",Grant funding for customized training programs for existing workers.,0.9,4/6/26,Port can apply for its own workforce or facilitate for tenants.
Entergy Charitable Foundation Grants,,https://www.entergy.com/communities/grants,www.entergy.com,seed_verified,Entergy,,,,,8/1/26,open,private,"workforce_development, community, environmental, education, economic_development, clean_energy, flood_resilience, climate_resilience, housing, water_sewer","Governmental units, state/local governments in Entergy territory","Focus on education/workforce, poverty solutions, environmental programs.",0.9,4/6/26,Public agencies eligible.
Entergy Open Grants Program,,https://www.entergy.com/communities/open-grants,www.entergy.com,seed_verified,Entergy,,1000,,,4/1/26,open,private,"economic_development, education, environmental, parks_recreation, housing",Qualifying public entities in Entergy service territory,"Community improvement, education, workforce development.",0.9,4/6/26,Rolling applications.
Louisiana Statewide Flood Control Priority Program,,https://dotd.la.gov/,dotd.la.gov,seed_verified,Louisiana DOTD,,,,,,open,state,"port_maritime, flood_resilience","Local governments, port authorities",Separate from Port Priority Program.,0.7,4/6/26,Recent cycle: 11 projects totaling $82.6M in construction costs.
RESTORE Act — Spill Impact Component (Pot 3),,https://coastal.la.gov/direct-component-and-spill-impact-component-summary-language/,coastal.la.gov,seed_verified,CPRA,,,,,,open,regional,"port_maritime, climate_resilience","CPRA, parish governments",LA receives ~$551.5M.,0.7,4/6/26,Parish Matching Opportunities Program provides matching grants for local projects aligned with Coastal Master Plan.
RESTORE Act — Council-Selected Component (Pot 2),,https://www.restorethegulf.gov,www.restorethegulf.gov,seed_verified,Gulf Coast Ecosystem Restoration Council,,,,,,open,regional,"climate_resilience, port_maritime","State agencies, local governments",$403M proposed in 2026 Funded Priorities List.,0.7,4/6/26,"LA CPRA has received the largest grants ever from the Council ‚Äî $163M (HNC Lock), $130M (Maurepas Swamp)."
Louisiana Government Assistance Program (LGAP),,https://www.doa.la.gov/doa/ocd-lga/lgap-and-cwef-programs/local-government-assistance-program/,www.doa.la.gov,seed_verified,Louisiana OCD,,100000,,,,open,state,infrastructure,"Parishes, municipalities, port authorities",Fills gaps where no other funding available.,0.7,4/6/26,"Covers fire protection, sewer, water, roads, drainage."
NFWF National Coastal Resilience Fund,,https://coast.noaa.gov/funding/bil/ncrf/overview.html,coast.noaa.gov,seed_verified,NFWF / NOAA,,,,,,open,federal_passthrough,"climate_resilience, waterways","State/local governments, nonprofits",$144M across 96 projects in 2022.,0.7,4/6/26,"Living shorelines, marsh restoration near ports. BIL and IRA funded."
CPRA Parish Matching Program (GOMESA),,https://coastal.la.gov/,coastal.la.gov,seed_verified,CPRA,,,50%,,,open,state,"climate_resilience, waterways, coastal_resilience, flood_resilience, environmental",19 eligible coastal parishes,~$6M/yr in competitive matching grants to parish governments for coastal restoration aligned with Coastal Master Plan.,0.7,4/6/26,
LDEQ Brownfields Assessment & Cleanup Program,,https://www.deq.louisiana.gov/page/brownfields,www.deq.louisiana.gov,seed_verified,Louisiana DEQ / EPA,,,,,,open,federal_passthrough,"environmental, economic_development","Local governments, port authorities for port-adjacent sites",Assessment and cleanup grants for contaminated properties.,0.7,4/6/26,"$641K invested in 8 sites, leveraging $43M+ in redevelopment."
CMAQ — Congestion Mitigation & Air Quality,,https://dotd.la.gov/about/office-of-project-delivery/planning/transportation-planning/cmaq-program/,dotd.la.gov,seed_verified,Louisiana DOTD / MPOs,,,20%,,,open,federal_passthrough,"environmental, freight_logistics","Local governments, port authorities via MPO coordination","Diesel engine retrofits, congestion-reducing port access improvements.",0.7,4/6/26,Projects selected through STIP process via DOTD.
NEVI Formula Program — Louisiana EV Charging,,https://louisianacleanfuels.org/Funding_Opportunities,louisianacleanfuels.org,seed_verified,Louisiana DOTD / Louisiana Clean Fuels,,,20%,,,open,federal_passthrough,"clean_energy, environmental, transportation, freight_logistics, port_maritime, public_safety, infrastructure",Private/public entities on designated corridors,$75M total to Louisiana over 5 years.,0.7,4/6/26,Port facilities along designated NEVI corridors could be eligible sites. Program resumed after 2025 freeze overturned.
EECBG — Energy Efficiency & Conservation Block Grant,,https://denr.louisiana.gov/page/eecbg,denr.louisiana.gov,seed_verified,Louisiana Office of Energy (DENR),100000,200000,"Match from applicants is not required, but it will be used as a scoring criterion",11/1/24,,open,federal_passthrough,"clean_energy, environmental",Units of local government,"Energy planning, audits, building upgrades, renewable materials, electric transportation for local government entities.",0.7,4/6/26,
State Energy Program (SEP),,http://www.dnr.louisiana.gov/index.cfm/page/231,www.dnr.louisiana.gov,seed_verified,Louisiana Office of Energy (DENR),,,,,,open,federal_passthrough,clean_energy,"Units of local government, state agencies","Energy efficiency improvements, renewable energy, energy planning.",0.7,4/6/26,"Port building retrofits, solar, LED lighting eligible."
Registered Apprenticeship Program,,https://apprenticeshipla.com/,apprenticeshipla.com,seed_verified,Louisiana Workforce Commission,,,,,,open,state,economic_development,"Employers in maritime, logistics, heavy equipment trades",Earn-and-learn model.,0.7,4/6/26,"Nationally recognized credentials. Relevant for port operations, heavy equipment, logistics, maritime trades."
Clean Water State Revolving Fund (CWSRF),,https://www.deq.louisiana.gov/page/clean-water-state-revolving-fund,www.deq.louisiana.gov,seed_verified,Louisiana DEQ,,,,,,open,federal_passthrough,"water_sewer, environmental, infrastructure, flood_resilience","Local governments, port authorities",Low-interest loans + 49% BIL-mandated subsidy for qualifying recipients.,0.7,4/6/26,Port wastewater and stormwater management eligible.
Surface Transportation Block Grant (STBG),,https://www.dotd.louisiana.gov/about/office-of-project-delivery/planning/transportation-planning/state-transportation-improvement-program/,www.dotd.louisiana.gov,seed_verified,Louisiana DOTD / MPOs,,,20%,,,open,federal_passthrough,"freight_logistics, rail, transportation",Local governments via MPO coordination,"Flexible federal-aid for roads, bridges, transit, intermodal.",0.7,4/6/26,Port access roads and intermodal connectors can be funded via STIP.
NFWF Gulf Coast Conservation Grants Program,,https://www.nfwf.org/programs/gulf-coast-conservation-grants-program,www.nfwf.org,seed_verified,"NFWF (Shell, Southern Company, USDA-NRCS funded)",,,,,,open,regional,"climate_resilience, environmental","State/local governments, NGOs, Gulf Coast entities",Competitive grants for coastal resilience and habitat conservation across all five Gulf states.,0.7,4/6/26,
Baton Rouge Area Foundation (BRAF) Impact Grants,,https://www.braf.org/grants/,www.braf.org,seed_verified,Baton Rouge Area Foundation,5000,25000,,5/5/25,6/30/26,open,private,"economic_development, community, education, health_facilities, public_safety, parks_recreation","Public agencies, nonprofits (8-parish area)","Manages $450M+ in assets, awards $37.3M/yr.",0.7,4/6/26,"Public agencies eligible. Serves Ascension, East Baton Rouge, and 6 other parishes."
Greater New Orleans Foundation — Environmental Fund,,https://www.gnof.org/nonprofits/grants/,www.gnof.org,seed_verified,Greater New Orleans Foundation,50000,150000,,3/23/26,4/17/26,open,private,"climate_resilience, environmental, parks_recreation, education, economic_development, infrastructure","Local governments, nonprofits in 13-parish SE Louisiana area",Community-Led Green Infrastructure Grants.,0.7,4/6/26,$1.75M total in current round. Coastal protection and water management focus. Second round expected fall 2026.
Cleco Power Community Grants,,https://www.cleco.com/community,www.cleco.com,seed_verified,Cleco Power,2500,25000,,,,open,private,"economic_development, education, health_facilities",Organizations in 24-parish service territory,600+ organizations funded annually.,0.7,4/6/26,"Priorities: STEM, education, community development."
CDBG-Disaster Recovery (CDBG-DR),,https://locddr.la.gov,locddr.la.gov,seed_verified,Louisiana OCD,,,,,,forecasted,federal_passthrough,"flood_resilience, infrastructure",Local governments in declared disaster areas,"Long-term recovery, infrastructure restoration, economic revitalization.",0.7,4/6/26,Terrebonne Parish received $117.6M post-hurricanes as example.
FEMA Flood Mitigation Assistance (FMA),,https://gohsep.la.gov/divisions/hazard-mitigation-assistance/,gohsep.la.gov,seed_verified,FEMA / GOHSEP,,,25%,,,forecasted,federal_passthrough,flood_resilience,Sub-applicants through GOHSEP,LA received most FMA nationally 2020-2024 ($511M / 114 apps).,0.4,4/6/26,2025 cancelled by Trump admin. Status uncertain for 2026.
CWA Section 319(h) Nonpoint Source Grants,,https://www.deq.louisiana.gov/page/nonpoint-source,www.deq.louisiana.gov,seed_verified,Louisiana DEQ,,,40%,,,open,federal_passthrough,"water_sewer, environmental",Local governments for watershed projects,For stormwater runoff issues impacting waterbodies near port.,0.4,4/6/26,Watershed-based approach required.
Entergy Environmental Initiatives Fund,,https://www.entergy.com,www.entergy.com,seed_verified,Entergy,,,,,,open,private,clean_energy,Community partners in Entergy service territory,~$1M awarded since 2023 to 20 partners.,0.4,4/6/26,Has funded electrification projects reducing diesel generator reliance. Relevant for shore power.
Drinking Water Revolving Loan Fund (DWRLF),,https://ldh.la.gov/page/dwrlf-loan-program,ldh.la.gov,seed_verified,Louisiana Dept of Health,,,,,,open,federal_passthrough,water_sewer,Public water systems,Low-interest loans for drinking water infrastructure.,0.4,4/6/26,Relevant if port operates or connects to a public water system.
Community Water Enrichment Fund (CWEF),,https://www.doa.la.gov/doa/ocd-lga/lgap-and-cwef-programs/,www.doa.la.gov,seed_verified,Louisiana OCD,,,,,,open,state,"water_sewer, infrastructure, public_safety, health_facilities",Local governments,State-funded program for community water system improvements.,0.4,4/6/26,
NFWF Gulf Environmental Benefit Fund,,https://www.nfwf.org/gulf-environmental-benefit-fund/louisiana,www.nfwf.org,seed_verified,NFWF / DOJ,,,,,,open,regional,"climate_resilience, waterways",CPRA-administered; partner with CPRA,$1.272B allocated to LA.,0.4,4/6/26,Restricted to barrier island restoration and river diversion. Indirect benefit ‚Äî protects port coastal environment.
Louisiana NRDA Trustee Implementation Group,,https://la-dwh.com,la-dwh.com,seed_verified,CPRA + Federal Trustees,,,,,,open,regional,"climate_resilience, waterways",Public can submit project ideas; CPRA implements,$5B allocated through 2031 for Deepwater Horizon restoration.,0.4,4/6/26,Includes $2.26B Mid-Barataria Sediment Diversion.
RESTORE Act — Centers of Excellence (Pot 5),,https://thewaterinstitute.org/la-coe,thewaterinstitute.org,seed_verified,The Water Institute (LA designee),,,,,,open,regional,waterways,"Research institutions, can partner with port",Competitive research grants relevant to Coastal Master Plan.,0.4,4/6/26,Port can potentially partner on applied research.
Foundation for Louisiana,,https://www.foundationforlouisiana.org/,www.foundationforlouisiana.org,seed_verified,Foundation for Louisiana,,100000,,,,open,private,"climate_resilience, economic_development","Nonprofits, local governments statewide",Climate Justice and Economic Justice focus areas.,0.4,4/6/26,"Up to $100,000. Statewide."
High-Impact Jobs Program,,https://www.opportunitylouisiana.gov/incentive/high-impact-jobs,www.opportunitylouisiana.gov,tier1_known_portal,Louisiana Economic Development,,,,,,open,state,economic_development,"Companies of all sizes, Corporations, Subsidiaries","Louisiana's High-Impact Jobs Program offers reimbursable grants to companies creating new jobs that pay above parish average wages. Grants range from 8-22% of wages paid depending on wage level and location, with higher percentages for higher-paying positions.",0.9,4/6/26,"Active program with rolling applications. Excludes gaming, retail, professional sports, and several other specified sectors. Sole proprietorships ineligible."
Louisiana Community Development Block Grant Clearance Program,,https://www.doa.la.gov/doa/ocd-lga/cdbg-and-cdbg-cv/lcdbg-programs/clearance-program/,www.doa.la.gov,tier1_known_portal,Louisiana Division of Administration Office of Community Development - Local Government Assistance,150000,750000,,,12/15/25,forecasted,federal_passthrough,"infrastructure, economic_development, public_safety","municipalities, parishes, non-entitlement units of general local government","The Louisiana CDBG Clearance Program provides funding for clearance and demolition of residential or commercial structures on private property that are detrimental to public safety, health, or welfare. The program aims to eliminate or prevent slums and blight through competitive grants ranging from $150,000 minimum to $500,000-$750,000 maximum depending on applicant type.",0.9,4/6/26,"FY 2026 program with December 15, 2025 deadline. Some entitlement areas including major cities and parishes are excluded from eligibility."
Building Resilient Infrastructure and Communities (BRIC),4817,https://gohsepgrants.la.gov/site/opengrants.cfm,gohsepgrants.la.gov,tier1_known_portal,Louisiana Governor's Office of Homeland Security and Emergency Preparedness,,1000000000,50% state/local match,3/25/26,7/23/26,open,federal_passthrough,"infrastructure, flood_resilience, climate_resilience, port_maritime, public_safety, emergency_management, security, broadband_tech, transportation, parks_recreation","state, local, tribal, territorial",BRIC program provides funding to help communities build resilience to natural disasters and reduce risk from future hazard events. Supports infrastructure projects and mitigation activities to strengthen community resilience.,0.9,4/6/26,Multiple years listed with same deadline - may be rolling program
FY'24 & '25 BRIC Statewide Call,,https://gohsepgrants.la.gov/site/newsarchive.cfm,gohsepgrants.la.gov,tier1_known_portal,GOHSEP (Governor's Office of Homeland Security and Emergency Preparedness),,1000000000,,3/25/26,4/21/23,open,federal_passthrough,"infrastructure, flood_resilience, climate_resilience, water_sewer, security, public_safety","states, local governments, tribal nations, territories",FEMA's Building Resilient Infrastructure and Communities (BRIC) program provides $1 billion for fiscal years 2024 and 2025 to help communities build resilient infrastructure and reduce disaster risks. The program is administered by Louisiana's GOHSEP as a federal pass-through.,0.9,4/6/26,"Recent announcement with $1B available, but specific Louisiana deadline not provided"
Clean Water State Revolving Fund - Emerging Contaminants,,https://www.deq.louisiana.gov/page/clean-water-state-revolving-fund-iup-priority-list-annual-reports,www.deq.louisiana.gov,tier1_known_portal,Louisiana Department of Environmental Quality,,,,,,open,federal_passthrough,"water_sewer, environmental","municipalities, public entities, water systems",Specialized CWSRF funding from the Bipartisan Infrastructure Law (FY 2022-2026) to address emerging contaminants including PFAS. Uses separate Intended Use Plan process from regular CWSRF funding.,0.9,4/6/26,Specialized BIL supplemental funding available through FY 2026
YouthBuild Program,,https://apprenticeshipla.com/youthbuild-grants-available-to-support-pre-apprenticeship-programs-to-prepare-young-people-for-the-world-of-work/,apprenticeshipla.com,tier1_known_portal,U.S. Department of Labor,,98000000,,,3/2/26,closed,federal_passthrough,"economic_development, education",Organizations serving youth ages 16-24,"Federal funding through DOL's YouthBuild Program to support development of pre-apprenticeships that lead into Registered Apprenticeship programs in construction, advanced manufacturing, IT, and healthcare. Provides academic support, occupational skills training and employment services to young people in communities with low youth labor force participation.",0.9,4/6/26,"Deadline has passed (March 2, 2026). This appears to be a federal program but may be administered through state/local channels as a pass-through."
Cleco EV Charging Station Rebates,,https://louisianacleanfuels.org/Incentives,louisianacleanfuels.org,tier1_known_portal,Cleco Power LLC,250,3500,,10/2/23,,open,private,"clean_energy, transportation, freight_logistics","Residential customers, Commercial customers, Fleet operators","Cleco provides rebates for installing Level 2 and Level 3 EV chargers, ranging from $250 for residential to $3,500 for DCFC installations. Also includes $500 incentive for electric forklift purchases.",0.9,4/6/26,"Program started October 2023, appears ongoing"
Centers of Excellence Research Grants Program,,https://home.treasury.gov/policy-issues/financial-markets-financial-institutions-and-fiscal-service/restore-act/centers-of-excellence-research-grants-program,home.treasury.gov,tier1_known_portal,U.S. Department of the Treasury,,,,,10/31/26,open,federal_passthrough,"environmental, flood_resilience, climate_resilience, economic_development, clean_energy, waterways","nongovernmental entities, consortiums, institutions of higher education","The Centers of Excellence Research Grants Program provides funding for science, technology, and monitoring research in Gulf Coast restoration and protection. Funds are available through competitive subawards to establish Centers of Excellence focusing on coastal sustainability, fisheries research, offshore energy development, economic development, and Gulf observation/monitoring.",0.9,4/6/26,"This is a federal pass-through program administered by Treasury under the RESTORE Act, with state-designated eligible applicants in each Gulf Coast state"
Eagle Assistance Fund,,https://www.gnof.org/program/eagle-assistance-fund/,www.gnof.org,tier1_known_portal,Greater New Orleans Foundation,500,2500,,,,open,private,economic_development,Southern Eagle employees,"The Eagle Assistance Fund provides financial assistance of $500-$2,500 to current full-time and part-time Southern Eagle employees experiencing financial hardship due to medical emergencies, natural disasters, loss of residence, funeral expenses, or other exceptional circumstances. Assistance is capped at $2,500 per employee annually and applications are accepted on a rolling basis.",0.9,4/6/26,"Rolling application process, highly specific to Southern Eagle employees only"
Emily's Bloomin' Youth Fund,,https://www.gnof.org/program/emilys-bloomin-youth-fund/,www.gnof.org,tier1_known_portal,Greater New Orleans Foundation,,,,3/23/26,4/17/26,open,private,"environmental, education, parks_recreation",nonprofit organizations,"Provides funding for outdoor, nature-centered programs targeting at-risk or disconnected youth ages 10-18 in Orleans Parish. Programs must teach youth about the natural world and conservation while building professional and communication skills.",0.9,4/6/26,"Deadline is April 17, 2026 - currently open for applications"
Norco Community Fund (NCF),,https://www.gnof.org/program/norco-community-and-economic-development-funds/,www.gnof.org,tier1_known_portal,Greater New Orleans Foundation,5000,20000,,3/16/26,4/17/26,open,private,"economic_development, health_facilities, education, public_safety, transportation",nonprofit organizations,"The Norco Community Fund supports nonprofit organizations serving the Norco community with grants for services for children and youth, older adults, and social services. The fund was established through a six-million-dollar gift from Shell to improve quality of life in Norco.",0.9,4/6/26,Grants may be larger or smaller than the stated range. Priority given to organizations located in Norco community.
The LGBTQ Fund,,https://www.gnof.org/program/the-lgbtq-fund/,www.gnof.org,tier1_known_portal,Greater New Orleans Foundation,5000,10000,,2/23/26,3/19/26,closed,private,"health_facilities, housing, public_safety, economic_development","501(c)(3) nonprofit organizations, Organizations with fiscal agent relationships with 501(c)(3) organizations","The LGBTQ Fund supports nonprofit organizations serving LGBTQ individuals and families within Greater New Orleans Foundation's 13-parish service area, with priority given to Orleans Parish organizations. Funding supports general operations, programs, advocacy, and capacity building to improve quality of life and access to opportunity for LGBTQ community members.",0.9,4/6/26,"Application deadline has passed (March 19, 2026). Awards expected to be announced in June 2026."
New Orleans Recreation and Culture Fund,,https://www.gnof.org/program/new-orleans-recreation-and-culture-fund/,www.gnof.org,tier1_known_portal,Greater New Orleans Foundation,,100000,,,8/1/25,closed,local,"parks_recreation, economic_development","501c3 nonprofit organizations, youth recreation organizations, culture bearer organizations","The New Orleans Recreation and Culture Fund provides funding to support nonprofit community organizations, youth recreation organizations, and culture bearer organizations that contribute substantially to the well-being, development, and growth of the New Orleans community. Maximum grant awards are the lower of $100,000 or 50% of an organization's annual operating budget.",0.9,4/6/26,"Deadline has passed (August 1, 2025). Organizations must be located in Orleans Parish and have been in existence for at least three years."
Clean Water State Revolving Fund - Technical Assistance,,https://www.deq.louisiana.gov/page/cwsrf-technical-assistance,www.deq.louisiana.gov,tier1_known_portal,Louisiana Department of Environmental Quality,,,,,,open,federal_passthrough,"water_sewer, environmental","disadvantaged communities, municipalities with less than 10,000 population, non-compliant wastewater systems","Free technical assistance program for disadvantaged communities under 10,000 population that are non-compliant with wastewater regulations. Provides facility-specific assistance and system-wide assessments to help communities get back into compliance and position themselves for future BIL capital improvement funding.",0.85,4/6/26,Free technical assistance rather than direct funding; designed to help communities access future capital improvement grants
Recovery Housing Program (RHP),,https://www.doa.la.gov/doa/ocd-lga/recovery-housing-program/,www.doa.la.gov,tier1_known_portal,Louisiana Division of Administration - Office of Community Development,,,,3/20/26,,open,federal_passthrough,"housing, health_facilities",organizations providing recovery housing services,"The Recovery Housing Program provides stable, transitional housing for individuals in recovery from substance-use disorders for up to two years. Funding does not go directly to individuals but to organizations that provide recovery housing services.",0.8,4/6/26,"FY 2025 NOFA was released March 20, 2026, but specific deadline not stated on page"
Community Development Block Grant Program (CDBG),,https://www.doa.la.gov/doa/ocd-lga/,www.doa.la.gov,tier1_known_portal,Louisiana Office of Community Development - Local Government Assistance,,,,,,unknown,federal_passthrough,"economic_development, housing, infrastructure, water_sewer","local governments, communities","Federal Community Development Block Grant program administered by Louisiana to help communities provide suitable living environments and expand economic opportunities, particularly in low- to moderate-income areas. Includes regular CDBG and CDBG-CV (COVID) programs.",0.8,4/6/26,No specific deadlines or funding amounts listed on this overview page
Louisiana Community Development Block Grant (LCDBG) - Public Facilities,,https://www.doa.la.gov/doa/ocd-lga/cdbg-and-cdbg-cv/lcdbg-programs/public-facilities/,www.doa.la.gov,tier1_known_portal,"Louisiana Division of Administration, Office of Community Development - Local Government Assistance (OCD-LGA)",,,,,12/15/25,closed,federal_passthrough,"infrastructure, public_safety, water_sewer, economic_development",Local governments,The Louisiana CDBG Public Facilities program provides federal pass-through funding for eligible public facility projects under Section 105(a) of the Housing and Community Development Act. The program prioritizes activities that benefit low- to moderate-income communities and requires applicants to first submit a Project Severity Package before being invited to apply for full funding.,0.8,4/6/26,"Application deadline of December 15, 2025 has passed. FY 2025 awards were made with potential additional awards by March 31, 2026. Program appears to operate on annual cycles."
Community Connectors Volunteer Grant Program,,https://www.entergy.com/communities/volunteering,www.entergy.com,tier1_known_portal,Entergy,250,750,20 volunteer hours per $250 grant,,,open,private,"economic_development, education, health_facilities, public_safety","501(c)(3) public charities, 501(c)(3) private foundations, state government, local government, schools, hospitals, religious institutions, 501(c)(19) war-veterans organizations, 501(c)(10) domestic fraternal societies, 501(c)(4) volunteer fire departments","Entergy's employee volunteer program provides grants of $250 per 20 volunteer hours (up to $750 annually) that employees and retirees can designate to eligible nonprofits in Arkansas, Louisiana, Mississippi and Texas. The program supports various types of tax-exempt organizations that benefit the public at large.",0.8,4/6/26,Ongoing program requiring employee/retiree volunteer participation; available only in Entergy's four-state service area
Community-Led Green Infrastructure,,https://www.gnof.org/rfp/,www.gnof.org,tier1_known_portal,New Orleans Community Support Foundation / Greater New Orleans Foundation,,1750000,,,,forecasted,private,"flood_resilience, climate_resilience, environmental, water_sewer","nonprofit organizations, community organizations","The Foundation will distribute $1.75 million in grants to implement community-led green infrastructure projects in underserved communities in Southeast Louisiana. The initiative aims to build community capacity for transformational and equitable adaptation and flood mitigation projects, with a goal of implementing at least 12 stormwater and flood mitigation improvement projects.",0.8,4/6/26,"This appears to be a future grantmaking initiative rather than currently open applications. The RFP is for facilitation services, not the actual grants to communities."
National Electric Vehicle Infrastructure Formula Program,,https://dotd.la.gov/doing-business/national-electric-vehicle-infrastructure/,dotd.la.gov,tier1_known_portal,Louisiana Department of Transportation and Development (DOTD),,,20% minimum state match,,,forecasted,federal_passthrough,"transportation, clean_energy, infrastructure",grant recipients,"A competitive grant program administered by Louisiana DOTD for electric vehicle infrastructure deployment. The program covers 80% of EV infrastructure expenses with a 20% match requirement, focusing on DC Fast Chargers within one mile of designated corridors over a five-year phased approach.",0.7,4/6/26,Program is still being developed by DOTD following federal guidance posted in August 2025. Specific application details and timeline not yet available.
Criminal Justice Priority Funding Program,,https://www.doa.la.gov/doa/comm/criminal-justice-priority-funding-program/,www.doa.la.gov,tier1_known_portal,Louisiana Division of Administration,,,,,,unknown,state,public_safety,"juvenile detention facilities, criminal justice system entities",State funding program for construction of juvenile detention centers and other nonrecurring criminal justice system priority projects. Administered through the Criminal Justice Priority Funding Commission with a grant application process.,0.7,4/6/26,"Limited information available - no clear funding amounts, deadlines, or detailed eligibility criteria. Created by ACT 587 of 2024 Regular Session but implementation details unclear."
Louisiana's Energy Efficiency and Conservation Block Grant Program,40401(d),https://denr.louisiana.gov/page/energy-programs,denr.louisiana.gov,tier1_known_portal,Louisiana Department of Conservation and Energy (formerly DENR),,,,,,unknown,federal_passthrough,"clean_energy, environmental, infrastructure, climate_resilience, housing",,A federal block grant program administered by Louisiana for energy efficiency and conservation projects. This appears to be a DOE Energy Efficiency and Conservation Block Grant passed through the state.,0.7,4/6/26,"Listed under 'Current Funding Opportunities' but no details on deadline, amount, or eligibility provided on this page"
Power Wise Income-Qualified Weatherization,,https://www.cleco.com/residential/customer-assistance-programs,www.cleco.com,tier1_known_portal,Cleco,,,,,,unknown,private,"clean_energy, environmental, economic_development",low-income households,Cleco's weatherization program for income-qualified customers likely provides energy efficiency improvements and weatherization services to reduce energy costs. This appears to be part of their energy efficiency assistance programs for qualifying households.,0.7,4/6/26,Program appears ongoing for qualifying customers but lacks specific funding details or application procedures
RAMP Program,,https://www.tpcg.org/assistance,www.tpcg.org,tier1_known_portal,"State, Federal, and local programs",,,,,,unknown,federal_passthrough,"flood_resilience, housing, economic_development, public_safety","flood damage victims, Terrebonne Parish residents","RAMP program combines state, federal, and local resources to help people recover from flood damage in Terrebonne Parish. Designed to address flood recovery needs in the low-lying coastal area.",0.7,4/6/26,"RAMP appears to be an acronym but full name not provided, limited details available"
Louisiana 40401(d) Grid Resilience Formula Grant Award,40401(d),https://denr.louisiana.gov/page/contracts-grants-division,denr.louisiana.gov,tier1_known_portal,Louisiana Department of Conservation and Energy (formerly DENR),,,,,,unknown,federal_passthrough,"infrastructure, clean_energy, housing",,Grid resilience formula grant program administered by Louisiana state agency. Appears to be related to electrical grid infrastructure improvements and resilience.,0.6,4/6/26,Listed under 'Current Funding Opportunities' but no details provided on application process or deadlines
Home Energy Rebates Programs,,https://denr.louisiana.gov/page/gwr-program-page,denr.louisiana.gov,tier1_known_portal,Department of Conservation and Energy (formerly DENR),,,,,,unknown,federal_passthrough,"clean_energy, housing, environmental",,State-administered rebate programs for residential energy efficiency improvements. Listed under current funding opportunities.,0.6,4/6/26,"Listed under current funding opportunities but no details provided on the webpage about application requirements, deadlines, or rebate amounts"
Water Sector Program - Phase 1,,https://www.doa.la.gov/doa/ocd-lga/water-sector-program-phase-1-and-phase-2/,www.doa.la.gov,tier1_known_portal,Louisiana Division of Administration - Office of Community Development,,,,,,unknown,federal_passthrough,"water_sewer, infrastructure",,Federal funds program administered by Louisiana's Office of Community Development for water sector infrastructure projects. Limited details available on this overview page.,0.4,4/6/26,"Very limited information provided - no application details, deadlines, or eligibility requirements visible on this page"
Bycatch Hotspots Initiative,,https://www.nfwf.org/programs,www.nfwf.org,tier1_known_portal,National Fish and Wildlife Foundation,,,,,,unknown,private,"environmental, port_maritime, waterways",,A National Fish and Wildlife Foundation initiative focused on reducing bycatch in fishing operations. Awards competitive grants but specific details not provided on this overview page.,0.4,4/6/26,"Listed as active program but no specific application details, deadlines, or funding amounts provided on this overview page. May be relevant to port operations."
Make a Difference (MAD) Program,,https://www.doa.la.gov/doa/ocd-lga/cdbg-and-cdbg-cv/lcdbg-programs/make-a-difference/,www.doa.la.gov,tier1_known_portal,Louisiana Office of Community Development,500000,2000000,,,,closed,federal_passthrough,"economic_development, infrastructure, housing","non-entitlement municipalities, non-entitlement parishes","The Make a Difference (MAD) Program provides CDBG funding to non-entitlement local governments for eligible community development activities that address national objectives. Applications for FY 2026 have already been accepted and awards are anticipated to be announced April 1, 2026.",0.3,4/6/26,"Applications for FY 2026 have already been accepted (past deadline). Awards anticipated April 1, 2026. Information about FY 2026-2027 program mentioned but not detailed on this page."
Louisiana 40101(d) Grid Resilience Formula Grant Award - Round 2 - Community-Based Project Partnerships,LADENR-40101d2,https://denr.louisiana.gov/page/40101dr2,denr.louisiana.gov,tier1_known_portal,Louisiana Department of Energy and Natural Resources (DENR) / Department of Conservation and Energy (C&E),,350000,1/3 cost share for small utilities (under 4 million MWh/year); 100% match for all others,10/30/24,3/31/25,closed,federal_passthrough,"clean_energy, infrastructure, climate_resilience, economic_development","municipal utilities, rural electric cooperatives, local governments, regional planning agencies, non-profits, other utilities (in partnership with local governments)",Federal pass-through funding for community-based collaborative planning efforts to develop grid and community resilience plans for future eligible projects. Planning efforts must support projects benefiting disadvantaged communities that can be completed within a 5-year time horizon.,0.3,4/6/26,"Deadline has passed (March 31, 2025). May be expired."
RESTORE Act Direct Component Grants,,https://home.treasury.gov/policy-issues/financial-markets-financial-institutions-and-fiscal-service/restore-act/direct-component/direct-component-grant-awards,home.treasury.gov,tier1_known_portal,U.S. Department of Treasury - RESTORE Act Direct Component,,,,,,unknown,federal_passthrough,"infrastructure, port_maritime, environmental, economic_development, flood_resilience, water_sewer, transportation","Counties, Parishes, States","RESTORE Act Direct Component provides funding for Gulf Coast restoration and economic recovery projects following the Deepwater Horizon oil spill. Projects include port improvements, environmental restoration, workforce development, and infrastructure upgrades in Gulf Coast states.",0.3,4/6/26,This appears to be a listing of past awards rather than an active funding opportunity. The page shows completed and active awards but does not provide application information or deadlines for new grants.
The Commander's Palace Employee Relief Fund,,https://www.gnof.org/program/the-commanders-palace-employee-relief-fund/,www.gnof.org,tier1_known_portal,Greater New Orleans Foundation,1200,1200,,,,open,private,economic_development,"Commander's Palace employees, employee dependents","Provides financial relief assistance of $1,200 per qualified event to current and future employees of Commander's Palace, Inc. and their dependents who have been impacted by qualified disasters or personal financial hardships. Awards are available once per calendar year on a rolling basis.",0.3,4/6/26,"This is a very specific employee relief fund for one restaurant company, not relevant to port operations or infrastructure. Rolling application basis but very narrow eligibility."
Port Infrastructure Development Program (PIDP),,https://www.workboat.com/marad-announces-488-6-million-in-port-infrastructure-grants,www.workboat.com,tier2_exa_discovery,U.S. Department of Transportation's Maritime Administration (Marad),,488628000,"20% (federal cost-share is generally 80%, though may be higher for rural areas or small projects at small ports)",3/26/26,6/27/26,open,federal_passthrough,"infrastructure, port_maritime, freight_logistics, transportation, security, environmental, rail, flood_resilience, clean_energy, economic_development","port authorities, state and local governments, indigenous Tribal nations, counties, other qualifying entities","The PIDP is a competitive, discretionary grant program that funds projects improving the safety, efficiency, or reliability of cargo movement at coastal seaports, inland river ports, and Great Lakes ports. Eligible projects include marine terminal equipment, highway/rail infrastructure, intermodal facilities, environmental mitigation measures, seafood industry infrastructure, and security upgrades.",1,4/6/26,"At least 25% of total funding ($122,157,000) is reserved for small projects at small ports. Applications due June 27, 2026."
Greener Grounds Grant,,https://www.kedm.org/louisiana-news/2026-03-16/keep-louisiana-beautiful-opens-applications-for-three-community-improvement-grants,www.kedm.org,tier2_exa_discovery,Keep Louisiana Beautiful,2500,10000,,3/16/26,6/21/26,open,state,"environmental, parks_recreation, public_safety, transportation, infrastructure, health_facilities","Event organizers, Festivals, Fairs","A reimbursement grant up to $10,000 that helps large outdoor events implement best practices for litter prevention, recycling, and waste reduction. The program supports community improvement and environmental stewardship at festivals and fairs.",0.95,4/6/26,Reimbursement-based funding
Healthy Communities Grant,,https://bizmagsb.com/keep-louisiana-beautiful-opens-applications-for-community-improvement-grants/,bizmagsb.com,tier2_exa_discovery,Keep Louisiana Beautiful in partnership with Office of the Lieutenant Governor of Louisiana,2500,10000,,,6/21/26,open,state,"environmental, education, parks_recreation, community_development","parishes, municipalities, state agencies, schools, universities, nonprofit organizations","Provides $2,500 to $10,000 for projects focused on litter prevention, waste management, recycling and community education. Projects must be completed by April 30, 2027.",0.95,4/6/26,"Priorities include strong community involvement, volunteer participation and collaboration among local stakeholders"
Building Improvement Grant (BIG) Program,,https://www.katc.com/st-landry-parish/building-improvement-grant-program-now-open,www.katc.com,tier2_exa_discovery,Opelousas Downtown Development District,,10000,100% - dollar-for-dollar match required,,4/30/26,open,local,"economic_development, infrastructure","Business owners, Commercial property owners","The BIG program provides reimbursement grants up to $10,000 for business and commercial property owners to improve, rehabilitate, and preserve downtown commercial structures within the Opelousas Downtown Development District. The program requires a dollar-for-dollar match and supports projects including historic restoration, building repairs, and interior improvements.",0.9,4/6/26,Limited to properties within Opelousas Downtown Development District boundaries. Reimbursement-based grant program.
Safe Streets for All,,https://theconstructionbroadsheet.com/usdot-announces-b-of-roadway-maritime-infrastructure-investments-p2210-175.htm,theconstructionbroadsheet.com,tier2_exa_discovery,U.S. Department of Transportation,,1000000000,,,5/26/26,open,federal_passthrough,"transportation, infrastructure, public_safety, port_maritime, freight_logistics","metropolitan planning organizations, cities, towns, counties, federally recognized tribes","Grant program providing funding for safety infrastructure projects that aim to prevent death and serious injury to pedestrians, bicyclists, public transportation users, motorists and other roadway users. Projects can be in various stages of development and focus on roadway safety improvements.",0.9,4/6/26,"Application deadline is May 26, 2026"
FEMA Public Assistance Program - Louisiana Winter Storm Recovery,,https://www.knoe.com/2026/03/27/eight-louisiana-parishes-added-possible-fema-public-assistance-after-january-winter-storms/,www.knoe.com,tier2_exa_discovery,Federal Emergency Management Agency (FEMA),,,Cost-sharing basis,,,open,federal_passthrough,"infrastructure, transportation, water_sewer, parks_recreation, public_safety, flood_resilience","Municipalities, Government entities, Public facilities","FEMA Public Assistance Program provides reimbursement for emergency work, debris removal, and repairs to public infrastructure following January 2026 winter storms in Louisiana. The program covers roads, bridges, water control facilities, public buildings, utilities, and recreational facilities on a cost-sharing basis.",0.9,4/6/26,"Active disaster declaration, but specific application deadlines not provided in article"
Fortified Roof Grant Program,,https://nola.com/news/politics/legislature/louisiana-lawmakers-fortified-roofs-insurance-crisis/article_bd453c19-110a-43ba-8875-37802e68e0e2.html,nola.com,tier2_exa_discovery,Louisiana Department of Insurance,10000,10000,,,,closed,state,"climate_resilience, housing",homeowners,"Louisiana state program providing $10,000 grants to homeowners for installing fortified roofs to reduce hurricane and wind damage. The program has exhausted its current $25 million allocation and is out of money until July 2026.",0.9,4/6/26,Program is currently unfunded until July 2026. Uses lottery system due to high demand with only 20% of applicants receiving grants.
State/Territory Building Code Plus-Up,,https://www.iccsafe.org/building-safety-journal/bsj-news/fema-resumes-the-building-resilient-infrastructure-and-communities-bric-grant-program,www.iccsafe.org,tier2_exa_discovery,Federal Emergency Management Agency (FEMA),,1000000,25% non-federal cash or in-kind contributions,3/25/26,7/23/26,open,federal_passthrough,"infrastructure, public_safety","states, territories","Part of BRIC funding specifically designated for building code adoption and enforcement, with $56 million available and a maximum allocation of $1 million per state and territory. This funding supports proactive steps to protect communities from disasters through modern building code implementation.",0.9,4/6/26,Part of the larger BRIC program with same application deadline and match requirements
USDA Rural Water and Waste Disposal Grants,10.76,https://usdaauthority.com/usda-rural-water-and-waste-grants.html,usdaauthority.com,tier2_exa_discovery,USDA Rural Development,,,Typically 25-100% match required (remainder of project cost not covered by grant),,,open,federal_passthrough,"water_sewer, infrastructure, rural_development, environmental","municipalities, counties, special-purpose districts, nonprofit corporations, recognized tribal governments","Provides grants for construction, repair, or improvement of drinking water systems, sanitary sewer systems, storm drainage systems, and solid waste facilities in rural communities with populations of 10,000 or fewer. Grant percentages typically range from 0-75% of eligible project costs based on community affordability analysis.",0.9,4/6/26,Rolling application basis with no single annual deadline. Applications processed as funds become available within fiscal year allocation. Grant percentage determined by affordability analysis - communities below 80% of state nonmetropolitan median household income eligible for highest grant percentages.
Capital Area United Way Grant Program,,https://us.fundsforngos.org/type-of-grantgrant/capital-area-united-way-grant-program-louisiana/,us.fundsforngos.org,tier2_exa_discovery,Capital Area United Way,10000,75000,,,3/31/26,closed,private,"economic_development, transportation, health_facilities, education","501c3 organizations, public school districts, faith based groups","Capital Area United Way provides grants to strengthen economic mobility, reduce barriers for ALICE households, and expand access to opportunity in Louisiana's Capital Region. Funding priorities include workforce supports, workforce training, essential needs support, and transportation access solutions.",0.9,4/6/26,"Deadline has passed (March 31, 2026). Grant period is July 1, 2026 - June 30, 2027. Organizations limited to $75,000 per year across all applications."
Louisiana Greener Grounds Grant,,https://us.fundsforngos.org/type-of-grantgrant/louisiana-greener-grounds-grant/,us.fundsforngos.org,tier2_exa_discovery,Keep Louisiana Beautiful,1000,10000,,,6/21/26,open,state,"environmental, public_safety, parks_recreation","Municipalities, Parishes, Non-profit organizations","Provides reimbursement funding up to $10,000 for large outdoor events in Louisiana to implement waste reduction, recycling, and litter prevention practices. Aims to protect Louisiana's waterways and coastline from event-generated waste through education and practical environmental management.",0.9,4/6/26,"Reimbursement grant requiring events to have minimum 1,000 attendees per day and be open to all Louisiana citizens"
FastSites Fund - Site Investment and Infrastructure Improvement Fund,Act 365 of the 2025 Regular Legislative Session,https://talon-ind.com/industry-insights/louisianas-150m-fastsites-fund-is-about-to-tighten-the-industrial-space-market-in-ascension-parish,talon-ind.com,tier2_exa_discovery,Louisiana Economic Development (LED),,150000000,Private capital leverage required,,,forecasted,state,"infrastructure, economic_development, industrial, transportation, rail, waterways, freight_logistics","Public entities, Publicly controlled sites","A $150 million revolving capital fund that invests in site infrastructure including access roads, utility hookups, rail spurs, drainage, and land clearing to make industrial sites project-ready. The state recoups investments through land sales, leases, or usage-based repayment mechanisms and redeploys capital into future projects.",0.8,4/6/26,Second round of funding expected in current legislative session. First round already completed with 19 sites funded. Rolling program structure with future application periods anticipated.
"Grants to USA and Territories Nonprofits, Agencies, CBOs, and Adaptation Practitioners to Address Climate-Related Impacts",150553,https://louisiana.grantwatch.com/cat/10/environment-and-conservation-grants.html,louisiana.grantwatch.com,tier2_exa_discovery,Unknown,3000,3000,,,3/12/26,open,federal_passthrough,"climate_resilience, environmental, education, workforce","nonprofit organizations, government entities, community-based organizations, universities, adaptation practitioners","Grants to USA and territories nonprofit organizations, government entities, community-based organizations, universities, and adaptation practitioners for projects addressing climate-related impacts in vulnerable populations. Content appears to be cut off in the source.",0.8,4/6/26,"Content appears incomplete, but potentially relevant for climate resilience projects at ports"
State and Local Cybersecurity Grant Program (SLCGP),,https://nationalcybersecurityauthority.com/cybersecurity-grant-programs,nationalcybersecurityauthority.com,tier2_exa_discovery,Cybersecurity and Infrastructure Security Agency (CISA),,,20% non-federal cost match (tribal nations exempt),,,unknown,federal_passthrough,"security, public_safety, broadband_tech, education, rural_development, clean_energy","state governments, local governments, territorial governments, tribal governments","Federal pass-through program administered by CISA providing $1 billion over four fiscal years for cybersecurity infrastructure, risk assessments, security operations centers, personnel training, and zero-trust architecture implementation. States serve as pass-through entities to local jurisdictions.",0.8,4/6/26,"Program authorized through 2025, administered through State Administrative Agencies"
FastSites Program,,https://www.workboat.com/louisiana-invests-to-expand-rail-capacity-at-avondale-global-gateway,www.workboat.com,tier2_exa_discovery,Louisiana Economic Development,1000000,25000000,,,,unknown,state,"infrastructure, rail, economic_development, port_maritime, transportation, freight_logistics","industrial sites, economic development projects",A statewide initiative designed to accelerate site readiness and position Louisiana to attract large-scale industrial projects. The program is backed by a $150 million Site Investment and Infrastructure Fund and is structured as a revolving capital program.,0.7,4/6/26,Program appears to have completed its inaugural round selection in March 2026. Unclear if future rounds are planned or when applications might be accepted again.
Small Ports Program,,https://www.bairdmaritime.com/marine-projects/marine-infrastructure/us-marad-announces-millions-of-dollars-in-maritime-infrastructure-funding,www.bairdmaritime.com,tier2_exa_discovery,US Department of Transportation Maritime Administration (MARAD),,122000000,,,,unknown,federal_passthrough,"port_maritime, infrastructure, freight_logistics, transportation, waterways","port authorities, local governments, indigenous tribal nations","A minimum of 25% of MARAD's $489 million port infrastructure funding, totaling $122 million, is specifically designated for projects at small ports. This subset prioritizes smaller maritime facilities for infrastructure improvements.",0.7,4/6/26,"Part of the larger $489 million announcement, but specific application processes and deadlines not detailed"
Parish Matching Program,,https://dredgewire.com/cpra-announces-2026-parish-matching-program-awards/,dredgewire.com,tier2_exa_discovery,Louisiana Coastal Protection and Restoration Authority (CPRA),,,Parish matching funds required,,,unknown,federal_passthrough,"flood_resilience, climate_resilience, environmental, waterways, water_sewer",Parish governments,"The Parish Matching Program partners directly with Parish governments to support critical coastal restoration efforts. Funding is provided on a reimbursement basis through Gulf of Mexico Energy Security Act (GOMESA) funding to support marsh creation, flood protection, and wetland restoration projects.",0.7,4/6/26,This appears to be an ongoing program but the article only announces 2026 awards. No application deadline or next cycle information provided. Contact information available for more details.
FEMA Award for Lafitte-to-Grand Isle Waterline Construction,,https://gray-wvue-prod.cdn.arcpublishing.com/2026/03/17/multiple-projects-underway-jefferson-parishs-23b-water-sewer-plan/,gray-wvue-prod.cdn.arcpublishing.com,tier2_exa_discovery,Federal Emergency Management Agency (FEMA),59000000,59000000,,,,unknown,federal_passthrough,"water_sewer, infrastructure, flood_resilience","local government, parish government",FEMA awarded $59 million to Jefferson Parish for construction of the Lafitte-to-Grand Isle 32 mile submerged waterline lowering and platform reconstruction project. The award notice was issued in February 2026 with design currently ongoing.,0.7,4/6/26,Award already made to Jefferson Parish specifically - may not be available to other entities. Status unclear as it appears to be an already-awarded grant rather than an open opportunity.
Abandoned and Derelict Vessel Removal Grant Program,,https://marinedebris.noaa.gov/removal/building-partnerships-tackle-abandoned-and-derelict-vessels-nationwide,marinedebris.noaa.gov,tier2_exa_discovery,BoatUS Foundation,,,,,,unknown,federal_passthrough,"port_maritime, waterways, environmental","cities, boroughs, tribal governments, state agencies, coastal federations, port authorities, conservation societies, parish governments, territorial departments","National competitive grant program led by BoatUS Foundation in partnership with NOAA Marine Debris Program for removal of abandoned and derelict vessels from coastal waterways, ports, and estuaries. The program provides federal funding for vessel removal and prevention projects through a streamlined application process.",0.7,4/6/26,"Program is ongoing through March 2027, but specific application deadlines and funding amounts not provided. Latest award round was July 2025 with $7.4 million distributed."
Ohio Maritime Assistance Program (MAP),,https://seawayreview.com/maritime-administration-announces-488-6-million-in-port-infrastructure-grants/,seawayreview.com,tier2_exa_discovery,Ohio Department of Transportation (ODOT),,,,,,unknown,state,"port_maritime, infrastructure",port authorities,Ohio state competitive grant program supporting maritime infrastructure projects. The Port of Cleveland recently received $4.2 million through this program to strengthen infrastructure.,0.6,4/6/26,"Only mentioned as example of recent award - no current application details provided, may be ongoing program"
New Roads Main Street Restoration Grant Program,,"https://www.thepointecoupeebanner.com/stories/city-of-new-roads-main-street-restoration-grant-program-now-accepting-applications,47231",www.thepointecoupeebanner.com,tier2_exa_discovery,City of New Roads Main Street Program,,,,3/18/26,,open,local,economic_development,,The City of New Roads Main Street Program has opened applications for the 2026-2027 Main Street Restoration Grant Program. This initiative is designed to encourage restoration projects in the main street area.,0.6,4/6/26,"Full details behind paywall - unclear on funding amounts, deadlines, and specific eligibility requirements. May not be relevant for port authority applications."
Performance-based Grant for Infrastructure Updates and Equipment Modernization,,https://www.opportunitylouisiana.gov/news/associated-wholesale-grocers-announces-110-million-investment-to-modernize-its-gulf-coast-distribution-facility,www.opportunitylouisiana.gov,tier2_exa_discovery,Louisiana Economic Development (LED),500000,500000,,,,unknown,state,"infrastructure, economic_development, freight_logistics","private companies, businesses",Louisiana state performance-based grant program supporting business retention and facility modernization through infrastructure updates and equipment upgrades. The grant appears to be part of Louisiana's economic development incentive package for companies making significant capital investments in the state.,0.4,4/6/26,This appears to be a specific grant awarded to Associated Wholesale Grocers rather than an ongoing program. Application process and eligibility criteria are not detailed. May not be an active opportunity for other applicants.
GOMESA Revenue Sharing Program,,https://clayhiggins.house.gov/2026/03/31/higgins-supports203m-in-gomesa-revenue-for-louisiana/,clayhiggins.house.gov,tier2_exa_discovery,Louisiana State Government,,,,,,unknown,federal_passthrough,"infrastructure, coastal_resilience, environmental","parishes, coastal communities",GOMESA revenue sharing provides energy revenues from offshore Gulf of Mexico operations to Louisiana parishes for coastal restoration and mitigation efforts. The program distributes funds to the state and individual parishes for investment in coastal communities.,0.3,4/6/26,This appears to be a revenue distribution rather than a competitive grant program. Limited information on application process or eligibility criteria.
Louisiana FastSites Industrial Development Program,,https://govmarketnews.com/louisiana-fastsites-industrial-development-program-2026-awards/,govmarketnews.com,tier2_exa_discovery,Louisiana Economic Development,,,,,,closed,state,"infrastructure, economic_development, port_maritime, freight_logistics, transportation, rail","local partners, parishes, ports, industrial parks, regional airports","Louisiana's competitive revolving fund program that provides state funding to prepare industrial sites for development through utilities extension, environmental reviews, and engineering work. The program operates as a revolving fund where investments are recovered when companies buy or lease prepared sites.",0.3,4/6/26,"This appears to be a news article about already awarded grants from March 2026, indicating this funding round is closed. Future rounds may be available but no application details are provided."
Community Development Block Grant - Disaster Recovery (CDBG-DR),B-21-DZ-22-0001 / 10LDRC7709,https://www.calcasieu.gov/Home/Components/News/News/6017/252,www.calcasieu.gov,tier2_exa_discovery,HUD (administered through state/local entity),,,,,,unknown,federal_passthrough,"water_sewer, infrastructure, flood_resilience","local governments, parishes, water districts","CDBG-DR funding for disaster recovery infrastructure improvements. This specific project involves $883,981 for water line improvements connecting two water systems in Calcasieu Parish.",0.3,4/6/26,This appears to be a specific funded project notice rather than an open grant opportunity. The funding has already been allocated for a specific water line project.
Future Use of Energy in Louisiana (FUEL),,https://www.thecentersquare.com/louisiana/article_9aeba478-5220-47fb-9239-fd6ab99a435e.html,www.thecentersquare.com,tier2_exa_discovery,National Science Foundation,,45000000,,,,unknown,federal_passthrough,"clean_energy, economic_development",higher education institutions,"A research-and-commercialization effort led by Louisiana State University focused on nuclear energy development. The program is backed by more than 53 partners across business, government and higher education as part of a broader 10-year, $160 million investment.",0.3,4/6/26,This appears to be a renewal of existing funding to LSU rather than an open opportunity. The article describes it as a 'federal funding renewal' which suggests this is not an active grant opportunity for new applicants.